epix1cttyg9c0e72wcyg4fulxn5pajafvqerfvzg6ta,250.12345
epix1shyv0p05z3dhtjr28w37qkcm54yg5ulnhzdwc4,21031.052341866
epix1fw4t8peek96a6x6a32v30y22l59ph5wc4hmqmw,0.00001231
